0,-0.155589029,-3,20,-0.031466764,9.828789443,-0.002231227,-2,22
50,-0.130881071,-6,20,-0.046520594,9.814481306,-0.170557797,-3,65535
100,-0.10925433,-10,20,-0.048658491,9.808075097,-0.062134001,5,20
150,-0.072185308,-15,21,-0.032185478,9.840024283,-0.16273427,-4,22
200,-0.113647565,-11,20,-0.027713299,9.834333773,0.024483368,-1,20
250,-0.160219163,-6,20,-0.039502816,9.808870318,0.0496617,0,21
300,-0.139968157,-9,21,-0.028257446,9.811990392,-0.092670538,1,21
350,-0.182921797,-4,21,-0.052047684,9.812842916,-0.057541735,2,22
400,-0.13997741,-10,20,-0.032808668,9.837863152,-0.198380575,-6,19
450,-0.207429498,-2,19,-0.04581436,9.831978514,-0.028957168,3,23
500,-0.18519944,-5,20,-0.044666163,9.814715195,0.171870634,2,19
550,-0.167162791,-8,20,-0.027490904,9.823736279,-0.002422933,-1,22
600,-0.238400459,0,21,-0.025778786,9.798261715,-0.026364457,-3,21
650,-0.250908345,2,22,-0.041654774,9.813560954,0.181505322,4,25
700,-0.236258179,1,21,-0.04491927,9.823008885,0.008234111,3,20
750,-0.195055857,-3,23,-0.042492927,9.816974559,0.053326115,-1,24
800,-0.214610085,-1,22,-0.040661373,9.818363857,0.107730672,0,22
850,-0.189762115,-4,22,-0.029868222,9.79227475,0.055346005,0,21
900,-0.010230022,1,23,-0.037973326,9.818361518,0.062164754,1,23
950,-0.023966968,0,21,-0.041756867,9.815936093,-0.013762524,0,21
1000,-0.069881693,0,21,-0.037027658,9.829926142,0.025633546,-2,22
1050,-0.164496064,2,21,-0.035743942,9.804688389,-0.006044075,4,20
1100,0.06689591,-8,21,-0.024351762,9.805448527,-0.011447274,-1,22
1150,0.015158172,-7,21,-0.045412862,9.80004687,0.130513549,-1,22
1200,-0.054926176,-6,21,-0.046903979,9.806298712,-0.101143375,-1,21
1250,-0.116788037,-3,21,-0.035099525,9.802173502,-0.009674251,0,22
1300,-0.142176628,-2,22,-0.039110258,9.802061235,-0.175600916,1,23
1350,-0.089798547,-6,23,-0.027701052,9.818969629,-0.21315521,-3,24
1400,-0.090171747,-7,22,-0.048553538,9.813088499,0.050154876,-4,22
1450,-0.105371095,-7,21,-0.023674874,9.800522248,0.041685127,-4,21
1500,-0.13636522,-4,21,-0.035248921,9.832178489,0.069214456,3,21
1550,-0.114940375,-6,21,-0.056293722,9.833409913,-0.138093814,0,21
1600,-0.178187802,-2,22,-0.050755659,9.827970833,0.164414212,0,24
1650,-0.109144419,-9,21,-0.048902032,9.824959517,-0.136898994,-1,21
1700,-0.139705151,-7,22,-0.041057061,9.805194758,0.097181268,2,22
1750,-0.144941509,-6,22,-0.052485763,9.814633334,-0.019190466,1,22
1800,-0.15466404,-7,22,-0.043478534,9.807588608,-0.092178166,-1,22
1850,-0.146999255,-8,23,-0.024205698,9.807640064,0.181400612,-4,23
1900,-0.190295309,-3,22,-0.033803738,9.825348941,0.055526227,0,21
1950,-0.209629446,-1,23,-0.024601666,9.78897926,0.008672601,0,24
2000,-0.210421801,-1,22,-0.027885045,9.827138189,0.289534301,1,22
2050,-0.23025015,1,22,-0.014614326,9.817041217,-0.029855853,2,21
2100,-0.204472393,0,21,-0.273061097,9.888799417,-0.591976225,-3,21
2150,-0.195299625,0,21,0.159188126,9.983207392,2.10001564,-1,21
2200,-0.168637946,-4,20,0.225237031,10.06484037,-5.377481937,-2,21
2250,-0.076421492,-15,21,-0.215740221,10.40409582,3.083588362,-4,23
2300,0.027464841,-28,20,0.063903526,9.632142903,-6.372247696,-8,20
2350,0.275411248,-38,18,0.119954405,9.484203669,20.00285339,0,19
2400,0.44611454,-50,17,-0.032395331,9.736710999,9.761795044,-9,22
2450,0.507608294,-61,14,0.225046996,10.40169846,3.019947529,-6,11
2500,0.510716617,-71,9,-0.005230541,9.974323132,3.402523518,-3,1
2550,0.470269799,-98,3,0.075508942,9.543639446,-3.214963436,-4,0
2600,0.224396944,-128,-9,0.013865087,9.67193379,6.636224747,-3,0
2650,-0.047225054,-158,-32,0.029816985,10.93801678,9.021039009,0,0
2700,-0.108800642,-187,-32,-0.101796388,10.87405525,-1.621376634,0,0
2750,0.240768686,-187,-29,-0.059188463,11.27822533,-13.21383476,3,0
2800,0.295855254,-177,-9,0.203799311,10.61023356,12.55389214,-3,2
2850,-0.553216755,-130,20,0.105058111,9.674428212,9.634158134,-2,19
2900,-0.736481547,-43,40,0.004450882,8.49655749,-25.15326309,3,33
2950,0.593954384,19,49,-0.122863577,8.340777724,-14.74113464,3,44
3000,0.643111289,65,46,0.068057506,8.7528965,16.12846565,0,49
3050,0.166030928,98,43,0.026699364,8.924758447,-9.817335129,3,56
3100,0.521385849,114,35,-0.025323786,9.731262563,-3.354851961,1,47
3150,0.591163814,121,38,0.087046714,10.44177879,-13.795578,2,46
3200,1.671355605,102,42,-0.061828682,10.34327776,-22.28402328,0,49
3250,1.614729047,62,47,0.142750268,10.43452356,17.32542801,-3,51
3300,0.447153717,23,57,0.091511547,10.47257373,35.97754288,-3,60
3350,-0.704013467,-7,64,0.154404646,10.43109826,4.269702435,1,61
3400,-0.829530776,-30,70,-0.028211744,10.68294252,2.793887615,-2,64
3450,-1.185750723,-52,73,0.109581316,10.27345148,12.31292248,-4,64
3500,-1.658284783,-59,75,0.081276855,10.46880111,6.516052723,-1,66
3550,-1.815079927,-48,79,-0.02039673,10.89020643,-2.457413912,0,71
3600,-1.480543375,-38,88,-0.050760803,10.72012496,-14.9864645,0,80
3650,-0.907068253,-23,97,0.080281412,10.61242744,-5.508910179,0,91
3700,-0.757830381,-7,109,-0.09679256,10.24225074,-6.753713131,2,107
3750,-0.377563566,4,122,-0.059908169,10.22309058,-10.03665161,1,119
3800,0.028746985,10,136,-0.071830249,10.13049641,-7.217455864,1,130
3850,0.299889773,7,149,0.12015342,10.00659976,2.204123735,-3,139
3900,0.363514662,9,165,-0.039523921,9.524334864,-3.472763062,0,158
3950,0.410556823,20,179,-0.016396182,10.04966217,-4.595427036,1,168
4000,0.627738535,23,197,-0.06047592,9.992060076,-9.982759476,3,190
4050,0.915195644,20,211,0.044636151,9.810542622,-1.452955365,0,196
4100,0.781713068,18,227,0.126175038,9.824936128,1.698383331,1,226
4150,0.52372843,12,242,0.025535079,9.773540272,2.168516159,0,240
4200,0.349104732,8,259,0.155590516,9.538429577,0.703635573,-1,257
4250,0.219777629,6,274,0.122804027,10.18984916,2.177409172,0,269
4300,-0.151764512,3,290,0.079310473,9.737996217,8.524762154,-1,284
4350,-0.582842827,4,305,0.042363552,9.626955253,3.020212173,-2,295
4400,-0.720989704,7,322,0.0924449,10.193713,-0.456492126,-1,314
4450,-0.785498261,18,337,0.076989028,9.839198656,0.123103112,5,324
4500,-0.896863341,23,353,0.160059616,9.633939752,-3.001490116,3,340
4550,-0.718469977,12,368,0.017719168,9.504687635,0.006907374,-1,369
4600,-0.76882422,23,385,0.062750244,9.79857571,1.232597232,2,385
4650,-0.618638575,25,401,0.103852242,10.08728549,-4.859037876,0,399
4700,-0.483693808,23,416,-0.041279465,10.02048105,-3.098605633,-3,408
4750,-0.397187889,24,431,-0.054270631,9.53724727,2.503153563,2,425
4800,-0.332151115,24,447,0.031365372,9.75072619,-1.748681784,0,440
4850,-0.200016201,27,463,-0.068176433,9.777067312,-5.350227833,2,456
4900,-0.057388168,33,478,-0.166953283,9.992672864,-3.332871914,3,466
4950,0.060324341,36,490,0.012523947,9.675778919,0.129717857,1,478
5000,0.169368222,36,504,-0.017876087,9.377471518,-0.997267723,1,505
5050,0.359466076,39,519,0.124502351,9.756604981,-7.163452625,3,520
5100,0.55818975,36,532,0.046270191,9.668704373,-3.409119606,1,530
5150,0.525775015,34,547,0.015899058,9.388623912,3.279294491,1,543
5200,0.577101529,30,560,0.070725344,9.554165604,0.188974857,2,555
5250,0.694172263,32,570,0.019890275,9.467727969,-0.213432416,2,562
5300,0.806932867,27,581,0.023875652,9.708984672,0.084956229,1,573
5350,0.777499199,20,593,0.099426018,9.741797492,4.843068123,0,586
5400,0.729918122,14,604,0.083196377,9.665924606,-3.251744747,0,593
5450,0.713213384,3,616,0.154195261,9.639736097,0.888377547,1,616
5500,0.592478156,-3,627,0.201045419,9.693780157,0.756850541,0,625
5550,0.467865705,-5,638,0.031297542,9.642683094,-0.198374555,0,635
5600,0.463798583,-10,648,0.195454951,9.831196157,-2.352189541,3,644
5650,0.459976971,-12,659,0.117828467,9.650015502,-3.581643581,0,655
5700,0.493148327,-14,667,-0.055237906,9.670429886,5.76811552,1,660
5750,0.479491264,-15,679,-0.046007994,9.66100242,-2.362557888,0,674
5800,0.541692197,-20,689,0.143503372,9.527779459,8.384325981,1,682
5850,0.053030156,-5,699,0.233632226,10.14818541,10.64153481,-1,691
5900,-0.257157713,0,710,-0.043416645,9.983412044,8.643169403,2,710
5950,-0.467711866,-1,721,0.129306076,9.847059653,10.89973259,-1,719
6000,-0.84652096,9,734,0.119043601,9.813262746,8.595525742,2,732
6050,-1.010427237,22,745,0.148996712,9.553428855,1.223039031,5,739
6100,-0.821697652,35,757,0.141456572,10.09459802,-4.566513538,2,750
6150,-0.673198164,44,770,0.142969649,9.658218561,-0.596059084,1,764
6200,-0.50900352,48,784,0.141262828,9.689778907,-5.146196365,0,775
6250,-0.419785112,66,800,-0.024942027,9.670229911,-7.61905098,5,791
6300,0.004740268,61,815,0.028344876,9.760452449,-12.32966423,2,812
6350,0.286934704,61,829,0.111928224,9.579263023,-4.402331352,2,828
6400,0.389451772,53,841,0.139862511,9.519620839,4.221305847,2,841
6450,0.291729003,60,854,-0.047971873,9.330060539,-1.303138971,0,851
6500,0.478381097,48,866,0.026461974,9.610482477,-9.104148865,0,863
6550,0.743425608,46,877,0.057519385,9.520551715,-2.205345631,1,872
6600,0.719621062,42,890,0.131142659,9.545730996,1.827928543,1,889
6650,0.757262588,33,898,0.175512967,9.466374339,1.204187989,1,890
6700,0.853462219,31,908,-9.03E-04,9.840713085,-5.447507858,1,908
6750,1.003560424,31,914,0.205712356,9.736281229,-5.301599503,2,913
6800,1.144745827,21,923,0.110415833,9.976067941,-2.000516653,1,923
6850,1.18042016,12,932,0.090008657,9.734361003,3.347015858,1,932
6900,1.150443196,5,941,0.049757868,9.672148967,0.010524154,2,940
6950,1.107614636,-4,949,0.113287757,9.647507631,1.415190458,-1,945
7000,1.057833076,-11,957,0.130305685,10.0128785,4.264951229,0,954
7050,0.827627003,-13,966,0.169285554,10.20770188,7.856654644,-1,963
7100,0.500292838,-16,975,0.060114365,9.74776516,2.761936188,1,968
7150,0.32513383,-19,983,0.203974527,10.22101482,0.407706857,0,982
7200,0.142622426,0,994,0.165399367,10.07243473,-0.373128414,0,997
7250,-0.049997337,0,1002,0.075663893,9.99093858,-0.040421978,1,1000
7300,-0.182301521,0,1014,-0.030716191,9.760079981,2.43160224,-1,1014
7350,-0.403316021,2,1025,0.094407773,9.997861683,2.697853088,-1,1024
7400,-0.59677422,10,1037,-0.006865657,9.400513056,2.776094437,0,1035
7450,-0.490990937,-7,1048,0.175118316,9.368360386,-2.055692673,-1,1043
7500,-0.619932532,6,1058,0.058067525,9.191818913,6.281642437,0,1053
7550,-0.770557463,12,1067,-0.014357648,9.248180809,-2.813204288,0,1061
7600,-0.56071645,15,1074,0.030528866,9.135664008,-3.979928732,1,1071
7650,-0.415742487,19,1078,0.181993235,9.402168403,-2.732615709,1,1078
7700,-0.316983253,22,1083,0.078009888,9.437075695,-5.817974091,2,1084
7750,-0.034876876,17,1086,0.107720595,9.383181324,-3.785857439,0,1085
7800,0.087539151,17,1091,0.035447185,9.41539422,1.062275529,0,1093
7850,0.200423151,26,1094,0.137537156,9.719008554,-2.42894578,0,1094
7900,0.52279532,21,1097,0.055921843,9.466706461,-7.100626945,0,1098
7950,0.738753498,20,1099,-0.069042442,9.615826247,-1.296450496,1,1100
8000,0.834783912,6,1098,0.110292986,9.521688414,-5.142860413,0,1097
8050,1.034947276,1,1099,0.089985214,9.43699325,-5.445678711,1,1102
8100,1.111834407,0,1097,0.094209745,9.54232967,1.349334598,0,1097
8150,1.104537606,-7,1096,-0.07971806,10.02112542,-1.996344805,1,1098
8200,1.046310902,-19,1097,0.081324208,9.830400935,3.922957897,-1,1102
8250,0.583132565,-18,1094,0.185687268,9.814028732,7.334077835,-1,1093
8300,0.103371523,-17,1091,-0.041599586,10.04985512,1.391391635,-1,1091
8350,0.050860219,-17,1088,0.176576082,9.64342452,3.205363274,0,1087
8400,-0.055965167,-20,1085,0.119787257,9.923096845,7.163526535,-1,1084
8450,-0.219902799,-13,1081,0.032615965,9.966120658,2.923553467,0,1080
8500,-0.218145832,-6,1081,0.181277682,9.982150215,-5.600813389,1,1086
8550,-0.089651614,-3,1079,0.006418394,9.888104768,-2.145580053,1,1078
8600,-0.044193484,-4,1078,0.179601907,10.10084986,-0.522244453,0,1079
8650,-0.09242975,7,1076,-0.099517089,10.35052363,-1.205873013,0,1077
8700,-0.112574935,10,1078,0.134211479,10.0021629,0.837829411,0,1081
8750,-0.117834672,21,1079,0.1815925,9.610405294,-1.558303952,1,1079
8800,-0.022988196,15,1083,0.045835816,9.363671504,1.489035249,0,1086
8850,-0.021206109,15,1084,0.136299748,9.598605613,-2.275449276,0,1084
8900,0.031938862,12,1083,0.077367644,9.809669048,4.594826221,0,1081
8950,0.017313525,12,1081,0.190709259,9.983738319,-1.545720577,1,1079
9000,-0.004886332,17,1081,0.067281403,9.696041275,-1.587766767,3,1082
9050,0.156212673,18,1082,0.12327968,9.620554891,-1.982388496,1,1085
9100,0.305608332,18,1083,-0.01959373,9.773667741,-2.946366072,2,1085
9150,0.225237802,26,1082,0.079376099,9.869971383,0.214046851,2,1083
9200,0.339433134,18,1083,0.273238871,9.693169708,-0.60795927,1,1085
9250,0.5635674,16,1085,0.060506193,9.647119961,-1.099600196,1,1084
9300,0.470691144,20,1082,0.17106583,9.417352452,-0.047537614,1,1081
9350,0.347772598,20,1079,0.015627077,9.5852342,3.209464788,1,1077
9400,0.24698323,17,1075,-0.005865738,10.05992637,6.013299942,-1,1075
9450,0.229238749,21,1074,0.028402839,9.994931059,-3.228290558,0,1077
9500,0.287108362,22,1073,0.05582266,10.16106215,-1.192150712,0,1074
9550,0.213335097,27,1073,0.046285668,10.24467499,-1.119733095,0,1075
9600,0.271009505,30,1075,-0.03485565,9.752090346,0.774455249,1,1076
9650,0.307919562,29,1073,0.150756331,9.859102578,-1.057852864,1,1073
9700,0.328588456,25,1073,0.139139713,10.06748565,-1.815716147,0,1073
9750,0.363048732,30,1074,-0.026117132,9.681424406,-2.304881573,2,1076
9800,0.320214331,41,1073,-0.02075675,9.732302783,0.747795761,2,1071
9850,0.499403834,32,1071,0.063661574,9.830963438,-0.073105156,2,1070
9900,0.666999519,20,1070,0.039192945,9.865539193,-4.577667236,2,1070
9950,0.624639571,25,1069,0.184171834,9.914536521,3.328616619,0,1072
10000,0.436453104,24,1067,-0.030904225,9.664479175,7.667757034,0,1066
10050,0.28447637,20,1065,0.150420673,10.0958119,1.812487841,-1,1066
10100,0.228738517,17,1066,-0.038644842,10.04384653,0.124821551,-1,1070
10150,-0.091790885,72,1067,0.024127284,9.706158713,1.481332064,0,1068
10200,0.248565465,64,1068,0.162387612,10.18718985,-14.82244587,2,1068
10250,0.817955613,57,1070,0.080808767,9.740419888,-2.936789989,2,1072
10300,0.77058357,47,1072,-0.02583468,9.633196571,4.981419563,0,1073
10350,0.751886427,40,1074,0.066702067,9.462001206,-4.961760521,0,1075
10400,0.879514933,25,1075,-0.04081753,9.388701096,-4.160432339,1,1076
10450,0.759032249,21,1076,-0.079196854,9.492934147,10.60325527,0,1078
10500,0.604827881,7,1077,0.054108032,9.710347658,-2.362102032,0,1077
10550,0.599578977,1,1075,0.088368952,9.865576615,1.592092872,-1,1075
10600,0.484196872,-5,1075,0.232496386,9.735561436,4.906450748,0,1076
10650,0.385590583,-10,1075,0.239247965,9.799957407,-0.649553478,-1,1078
10700,0.261275649,-14,1074,0.126725654,9.745585903,4.694139481,-1,1075
10750,0.086904027,-4,1071,0.095437733,9.559121119,-1.965124249,-1,1070
10800,0.167670563,-9,1069,0.071650602,9.6268348,-3.478143692,0,1071
10850,0.229837194,-9,1066,-0.132130126,9.724775078,4.709192753,1,1068
10900,0.21887657,-11,1064,0.116127411,9.760128513,-0.595384717,1,1069
10950,0.397491366,-28,1061,0.102238483,9.534593804,-0.498122454,0,1062
11000,0.286868513,-21,1060,0.16846932,9.815497552,-0.637270093,0,1064
11050,0.247966275,-25,1057,0.225867946,9.780480917,2.176941156,-1,1059
11100,0.344325304,-35,1056,0.158498081,10.16835831,2.230397224,0,1058
11150,0.206203789,-27,1056,0.181138409,10.0146467,2.745993137,-1,1060
11200,0.212889507,-28,1054,0.22505637,9.705810803,-4.613798618,0,1055
11250,0.175670728,-29,1052,0.038646162,9.540591878,3.75338459,0,1052
11300,-0.163774326,-27,1049,-0.014035974,9.683197281,10.42063141,-2,1051
11350,-0.220565349,-25,1047,-0.025083488,10.03335896,-4.749022484,-2,1049
11400,0.052977137,-41,1044,0.175207432,9.988183372,1.002498031,1,1044
11450,-0.223607197,-40,1042,0.135662749,9.85630644,3.519491911,-2,1042
11500,-0.42274946,-33,1040,0.173877683,9.887598399,-1.563361764,0,1041
11550,-0.419408888,-32,1037,0.23274407,10.09827007,1.378799438,-1,1036
11600,-0.674344182,-12,1037,0.119168941,10.18837917,1.407342196,-1,1040
11650,-0.667519033,-4,1036,0.080676209,9.868378601,-6.246767521,0,1037
11700,-0.556863368,0,1034,0.046869188,10.18974391,-4.692456722,1,1032
11750,-0.392624825,5,1034,0.042545903,9.809683081,-8.075820923,1,1034
11800,0.000494994,7,1035,0.166691602,9.62405211,-7.996819496,1,1037
11850,0.177053511,6,1035,0.097658168,9.770921888,-2.362652063,1,1040
11900,0.084627308,19,1036,0.135679002,9.684390698,5.597798347,-1,1034
11950,-0.040392362,21,1036,-0.016904762,9.956121919,-0.425228238,1,1037
12000,-0.014762993,22,1034,-0.155462097,9.923431306,0.844991326,1,1033
12050,0.136992797,22,1032,0.058821834,9.724051777,3.105805874,1,1031
12100,0.201504722,17,1031,0.026861188,10.06131333,-4.182908058,0,1032
12150,0.359809995,14,1029,0.134470702,9.750356646,-3.755608082,0,1030
12200,0.490577132,12,1027,0.103531668,10.00932223,-4.131852627,0,1029
12250,0.555630505,8,1030,0.158501461,9.884974169,-0.300381094,0,1036
12300,0.512163103,6,1033,0.202720372,9.471829791,7.876176357,0,1034
12350,0.279598713,7,1034,0.131576312,9.588941334,0.665450454,-1,1035
12400,0.226122335,11,1037,0.052383305,9.894643124,-3.411135674,1,1040
12450,0.348040283,4,1039,0.078555689,9.607869941,-0.695680678,0,1038
12500,0.199687108,5,1040,0.036346973,9.726278397,3.531019926,-1,1040
12550,0.028537082,5,1044,0.110146824,9.901008403,-0.974672019,1,1046
12600,0.053310592,-2,1043,0.096410189,9.58206267,3.004600048,0,1040
12650,-0.126047686,0,1042,0.222084907,9.603421964,4.234766483,-2,1042
12700,-0.180521071,4,1042,0.111894804,9.824428589,-2.81143856,1,1044
12750,-0.029862903,2,1042,0.079153731,9.747072265,2.676533699,0,1043
12800,-0.014283936,-2,1041,-0.090897032,9.674576147,3.873152733,-1,1040
12850,-0.012347384,0,1037,0.164461291,9.686171175,4.020241261,1,1035
12900,0.065306477,0,1037,0.10371464,9.812468694,-3.483422279,0,1039
12950,0.100252941,-1,1037,-0.096436072,9.887077997,1.49777317,1,1039
13000,0.119287446,-1,1038,-0.064483597,9.828367274,-1.807106733,0,1043
13050,0.087741621,3,1036,0.134848058,9.510502106,-0.511023283,0,1035
13100,0.117426552,2,1035,0.11338736,9.740762535,-2.776739597,0,1037
13150,0.265690655,-16,1035,-0.044137095,9.354604227,-3.938149214,0,1037
13200,0.217284635,-14,1033,0.136220993,9.837332225,2.878208399,0,1032
13250,-0.146966696,-15,1032,0.10821717,9.926315153,3.213764668,-1,1033
13300,-0.267738581,-19,1032,0.1346442,9.761732404,-1.717067361,0,1034
13350,-0.380126685,-14,1032,0.106575875,10.18996611,3.988626957,1,1034
13400,-0.595161974,-4,1032,0.156730413,10.02367597,0.833660662,-1,1032
13450,-0.622349799,0,1032,0.084380877,10.00619981,-2.564419746,-1,1032
13500,-0.488628864,6,1033,0.159386273,9.812787952,-2.15308094,1,1034
13550,-0.415459424,13,1032,0.051667226,9.453166648,0.805800319,1,1031
13600,-0.320633411,20,1030,0.126595928,9.782747297,-0.721616864,1,1031
13650,-0.057794582,21,1030,0.056396322,9.882165166,-1.486842513,2,1028
13700,0.166024923,21,1029,0.015119492,9.788134337,-4.783885479,1,1031
13750,0.33623004,20,1030,0.050217816,10.03710118,-5.824547291,1,1033
13800,0.476477981,16,1030,0.103344786,9.600265637,-2.875322104,1,1031
13850,0.509515882,13,1030,0.152643958,9.71715791,0.898296833,0,1033
13900,0.55576539,8,1027,-0.012047738,9.44216862,1.882802844,0,1024
13950,0.513457656,5,1025,0.156782197,9.880008713,-0.681482375,0,1027
14000,0.498820066,-1,1024,0.130029642,10.00504674,1.147102833,1,1026
14050,0.223327771,-5,1021,0.137738647,9.825554763,3.48559761,1,1020
14100,0.135195583,-24,1019,0.086718493,10.06419016,1.40475297,-1,1019
14150,0.02572936,-21,1017,0.148090329,9.924438196,3.999176741,0,1016
14200,-0.120445646,-22,1014,0.177041612,9.893338026,4.426529408,0,1014
14250,-0.268199563,-16,1016,0.226965194,10.07825973,0.550963461,0,1021
14300,-0.412770599,3,1018,0.055152519,10.14207156,0.381803215,1,1021
14350,-0.352522492,8,1019,0.187084461,9.792913266,-0.816537559,0,1019
14400,-0.340677798,12,1022,0.060573431,9.632493736,2.282616615,1,1025
14450,-0.251039416,19,1025,0.052587542,9.547367631,-1.84793365,0,1025
14500,-0.205174446,20,1024,0.046464643,9.644802125,-2.799884796,0,1021
14550,-0.097656488,26,1025,0.038295677,9.871081184,5.44816494,1,1024
14600,0.01156328,16,1027,0.089338073,9.646017761,-3.944130898,1,1029
14650,0.014503024,20,1027,0.145958343,10.07268616,2.566295147,1,1027
14700,-0.056660205,22,1029,0.014294267,9.750906869,-0.202683568,1,1029
14750,-0.026647393,27,1029,0.23395565,9.935991125,-3.444205999,1,1029
14800,0.101425745,29,1031,0.112737333,9.518223939,0.321718752,0,1032
14850,0.296382278,14,1032,0.127184907,9.641730582,-6.397861958,1,1031
14900,0.379293561,15,1031,0.116327359,10.02801928,0.300969481,0,1029
14950,0.327387661,16,1031,0.170455308,9.621478751,-1.817401409,1,1033
15000,0.419050932,20,1031,-0.010586822,10.03627555,-3.29433012,2,1033
15050,0.452716291,15,1029,0.114097203,9.881878653,-0.227517247,0,1028
15100,0.421393037,19,1030,0.091603266,9.512597748,0.99901098,1,1033
15150,0.572374046,16,1032,0.049153942,9.651101915,-8.385742188,1,1036
15200,0.776669443,6,1031,0.037836487,9.646708317,-2.362280846,1,1031
15250,0.710976303,6,1030,0.214853728,9.72291274,-0.444432139,0,1029
15300,0.737864137,0,1031,0.059948382,9.87033391,-3.122609377,0,1034
15350,0.725513756,-3,1027,0.054633711,9.918354753,5.190979481,2,1026
15400,0.617592633,-7,1023,0.042180626,9.664750485,0.376629114,0,1019
15450,0.634621203,-9,1021,0.112536865,9.800712283,-2.603705168,1,1026
15500,0.673401058,-9,1019,0.216071594,9.894977585,1.884483576,1,1021
15550,0.616241932,-9,1018,0.187880614,9.967749692,-0.710058928,1,1021
15600,0.449188709,-15,1017,0.156170871,9.899464738,2.184074879,-2,1016
15650,0.346191078,-16,1017,-0.011665162,9.711622936,3.320505381,0,1019
15700,0.276703715,-18,1014,0.10153732,9.987121518,4.782367229,1,1013
15750,0.098868638,-13,1013,0.081434922,9.917428554,2.018333912,1,1014
15800,-0.090829708,-7,1013,0.106575875,10.0779662,0.671358645,1,1014
15850,-0.251070917,-5,1013,0.189257834,10.04419736,2.466739416,1,1013
15900,-0.366532356,-2,1013,0.119701549,10.07338315,-1.889714956,0,1013
15950,-0.451564282,2,1015,0.232342531,10.03200591,0.509551764,0,1016
16000,-0.613816023,16,1015,0.185188556,9.848726109,-0.999203026,1,1014
16050,-0.628005743,20,1017,0.017415237,9.512252762,-1.902294517,0,1016
16100,-0.533852041,30,1018,0.021623744,10.1347029,-3.816989899,1,1018
16150,-0.327547997,27,1017,0.128350084,10.0899144,-0.332082838,1,1014
16200,-0.191155955,33,1018,-0.145684986,9.894625583,-1.171303511,2,1016
16250,0.035141937,24,1019,0.070278215,9.938676167,-1.010484099,1,1016
16300,0.091841459,14,1018,0.011308307,9.784093326,-3.596946239,0,1016
16350,0.094925866,27,1019,0.236025875,10.12174313,0.467048079,1,1019
16400,0.180849358,24,1021,-0.022501052,9.729206682,-4.00976038,2,1021
16450,0.326621562,21,1022,0.109067273,9.868060513,-1.192921042,-1,1021
16500,0.346022964,26,1024,0.047217842,9.619242775,-5.281909466,1,1025
16550,0.397253126,27,1024,0.208201387,10.01442918,-3.978963852,2,1023
16600,0.508051515,28,1024,0.007260414,9.900207335,-5.332551956,2,1026
16650,0.600710392,27,1025,-0.031618307,9.998217194,1.925307751,1,1027
16700,0.522505939,24,1028,0.045586341,9.79539424,1.669246912,0,1031
16750,0.506664991,23,1027,0.066156289,9.675488312,0.819849491,-1,1026
16800,0.577724993,19,1026,0.109645142,9.468624932,-1.531620502,1,1025
16850,0.678695977,14,1026,0.072166628,9.586776695,0.27764073,0,1028
16900,0.610671997,9,1029,0.136492724,9.542701553,-0.936121702,0,1034
16950,0.680912077,12,1028,0.086259514,9.689134544,-2.585363626,1,1028
17000,0.667361319,9,1027,0.189031309,9.649371139,-3.331126451,2,1028
17050,0.736786902,5,1026,0.020352038,10.05016035,-6.197107792,1,1026
17100,0.868359089,1,1024,0.027541838,9.59565043,0.234633088,1,1025
17150,0.638520658,9,1024,0.2417725,9.997129612,0.56653738,0,1027
17200,0.696629107,5,1023,0.136063475,9.745794064,-3.833607197,0,1024
17250,0.773595512,2,1019,0.045234819,9.963035667,1.279304385,0,1016
17300,0.54148978,8,1017,0.027038484,9.730284909,4.447582245,-1,1019
17350,0.333760828,0,1016,0.055079931,9.861319842,-1.992462516,0,1018
17400,0.327855706,0,1014,0.172913532,9.904142511,-1.862705708,1,1016
17450,0.230827779,-3,1012,0.141657533,10.18038837,1.398157835,1,1013
17500,-0.102232784,31,1012,0.090031315,10.08054482,-5.763743877,2,1011
17550,0.298098296,29,1011,0.202667016,10.00825336,-11.50074577,2,1011
17600,0.560938299,24,1014,0.14159908,10.17441953,0.592774749,-1,1018
17650,0.370375305,20,1016,0.167092593,9.945774686,-1.322954059,-1,1016
17700,0.367595583,22,1018,0.074341217,9.84326364,-2.734660864,1,1018
17750,0.349570453,21,1019,0.071604793,9.715728266,3.776346207,0,1019
17800,0.273029327,15,1020,-0.06019227,9.734139394,-2.56611228,0,1020
17850,0.264284253,13,1022,0.111590246,9.626254756,-0.709585309,0,1023
17900,0.229974598,8,1021,0.048633074,9.960315542,3.426793575,0,1018
17950,0.273241609,7,1022,0.108827592,9.609449274,3.386705637,1,1021
18000,0.190484807,8,1023,0.132819266,9.627870927,5.718652725,-1,1025
18050,0.066805676,10,1020,0.066324853,10.02837713,-1.664290905,0,1019
18100,0.341456145,6,1020,0.021682076,9.743998969,-3.601288795,0,1020
18150,0.400168449,2,1019,0.196140062,9.868565712,4.136771679,1,1021
18200,0.353089184,-7,1020,0.131763387,9.631318445,-2.896069765,0,1023
18250,0.387124479,-4,1020,0.074691976,9.712928034,1.703925133,1,1021
18300,0.198746115,-5,1021,0.053735176,9.692455178,1.626524448,1,1023
18350,0.215755627,-13,1019,0.01261665,9.61102159,3.344579935,-1,1016
18400,0.084949203,-7,1018,0.176479968,10.14648621,4.482319832,0,1021
18450,0.149175555,-7,1019,0.141399516,9.611136196,-7.301363945,0,1021
18500,0.304626614,-24,1020,0.054960474,9.713468902,4.627799511,0,1021
18550,-0.079719193,-26,1018,0.208105895,9.853076438,3.206744194,1,1016
18600,-0.183448687,-23,1017,0.248608334,9.680187135,-0.151902646,0,1018
18650,-0.196983695,-20,1017,0.065819676,9.833230988,5.049761295,0,1018
18700,-0.20165275,-18,1015,-0.045705309,9.781167964,1.859045386,0,1015
18750,-0.254264891,-17,1013,0.193744713,9.980302495,5.265213013,0,1013
18800,-0.378476351,5,1013,0.049546912,9.818278488,-3.022310734,-1,1015
18850,-0.048393883,1,1012,0.145461312,9.94807732,-0.04978703,2,1011
18900,-0.076191276,-1,1012,0.049761176,9.759183603,6.686336517,0,1011
18950,-0.00952704,-2,1012,0.163995323,9.763063231,-6.590968609,1,1013
19000,0.077499591,-2,1013,-0.029790392,9.478634781,-0.977612376,0,1014
19050,-0.051841188,18,1014,0.158683986,9.812200892,-4.251347542,0,1015
19100,0.248355433,11,1015,0.102429998,9.957453915,-4.086483955,1,1016
19150,0.277233273,8,1015,0.030781301,9.722167804,1.137947798,-1,1015
19200,0.362504184,5,1015,0.072903487,9.584727831,3.703126907,-1,1016
19250,0.305349261,8,1012,-0.014934813,9.592964804,-2.975615025,0,1008
19300,0.502051592,-3,1012,0.139845271,9.828433932,-2.71690917,0,1011
19350,0.516787708,-8,1011,0.061710459,9.833706951,1.842290401,0,1011
19400,0.437496454,-11,1013,-0.013641733,9.883008335,-2.540764809,0,1016
19450,0.4919945,-11,1013,0.049556578,10.06192261,5.365731239,-1,1015
19500,0.324922919,-11,1013,0.159386218,9.640071727,1.314288259,0,1013
19550,0.294578761,-18,1013,-0.031427446,9.782487096,4.601297855,-1,1014
19600,0.275265545,-18,1011,0.194963748,9.787368937,1.793932319,-1,1011
19650,0.139415413,-14,1011,0.147925438,9.489649765,5.801056862,1,1013
19700,0.133687183,-18,1009,0.035063384,9.602555407,5.554451466,-1,1006
19750,0.118787907,-20,1007,0.231763255,9.933168089,3.465573788,0,1008
19800,0.05726831,-15,1005,0.123155299,9.852330333,4.726560593,-1,1005
19850,0.057685148,-13,1006,0.099593824,9.753490754,-2.407970905,1,1008
19900,0.229621977,-18,1004,-0.058937047,9.965311403,0.081065089,1,1003
19950,0.297391832,-23,1002,0.047924734,9.733922462,-0.616898656,-1,1001
20000,0.265286893,-20,999,0.032137327,9.870504649,0.647685885,-1,1000
20050,0.348321676,-23,999,0.130741549,9.989701309,2.044876575,1,1002
20100,0.225353435,-24,996,0.067152038,10.08306848,6.901351929,-1,995
20150,-0.068909198,-25,997,-0.011400498,9.877660471,8.548513412,-1,1000
20200,-0.346485645,-16,996,0.107123887,10.02830814,0.668110788,-2,996
20250,-0.363579124,-11,995,0.221110194,9.928418981,1.860586405,1,993
20300,-0.453795612,-17,993,0.040814762,9.989065132,0.420823693,-1,992
20350,-0.465952963,-15,994,0.018423648,9.914331869,2.504735708,0,994
20400,-0.468707889,-5,994,0.249821667,9.834353653,-1.706745982,0,995
20450,-0.38891837,-6,997,0.079554073,9.710996114,0.451257586,-1,1000
20500,-0.419672757,0,999,0.279564407,9.560018667,-1.439251781,0,999
20550,-0.443353921,3,1002,0.12125732,9.73094389,-0.413573712,-1,1003
20600,-0.349410236,12,1004,-0.020450979,9.950913219,-0.78107959,1,1005
20650,-0.186201856,15,1006,-0.038646053,9.368811207,-3.815442801,0,1006
20700,-0.073497042,15,1007,0.113078947,9.685022197,-3.059470415,-1,1007
20750,0.08659897,16,1009,-0.050770186,9.464719577,0.698163152,-1,1011
20800,0.21317403,5,1011,0.128290607,9.567585549,-6.797749996,0,1011
20850,0.324056566,3,1013,0.188801495,9.791007074,0.400923073,1,1015
20900,0.311990499,1,1014,0.106513438,9.786155055,3.444370985,1,1014
20950,0.265622377,12,1016,0.164383669,9.754930923,-1.535035968,-1,1011
21000,0.31683284,7,1014,-0.049936355,9.732912648,-2.74493742,0,1014
21050,0.362530023,5,1013,0.075229441,9.294987186,-2.735827208,1,1013
21100,0.471090764,-4,1012,0.118668319,9.677444791,-0.766601086,0,1013
21150,0.368705451,-3,1010,-0.071717484,10.12391128,4.452581406,0,1008
21200,0.210700557,-6,1008,0.143702707,9.782518086,1.990536451,-1,1008
21250,0.375961334,-11,1007,-0.066555064,9.945203998,1.534800172,1,1010
21300,0.279810339,-7,1006,0.13938748,9.662826751,12.30912018,-1,1006
21350,-0.104591802,-6,1005,-5.59E-04,9.930141571,3.361186028,-1,1006
21400,-0.025904756,-6,1003,-0.043305886,9.913664117,-4.467754841,1,1001
21450,0.091458589,-8,1002,0.228268721,9.945492851,1.981407762,0,1002
21500,-0.02439986,-11,1001,0.253030857,9.915007807,0.289900184,-1,1002
21550,0.040917821,-11,1002,-0.067276428,9.497278043,-6.909543037,-1,1002
21600,0.140199289,-16,1000,0.107777469,9.592800497,1.348200083,-2,999
21650,-0.084779255,-2,1001,-0.034547378,10.08032847,-1.770283222,-1,1003
21700,0.046563629,-14,1000,0.065997322,9.721932161,-1.185703158,1,1000
21750,-0.214652389,-10,999,0.046527085,9.962783067,3.816477776,-1,999
21800,-0.440637797,-6,998,0.053293817,9.766324223,0.21039626,-2,998
21850,-0.377484351,-3,996,0.1820063,9.830443035,-4.157793045,1,995
21900,-0.363877207,-2,997,0.08613368,10.32116827,-0.012526125,1,998
21950,-0.399587363,0,1000,0.004435473,9.945635523,0.639304996,0,1002
22000,-0.363525361,1,1004,0.014990203,9.896913013,-2.121636391,1,1008
22050,-0.310036272,4,1006,0.172005094,9.226334442,1.228670001,1,1006
22100,-0.302235335,7,1008,0.145468968,9.375400434,-3.862656832,1,1007
22150,-0.204358205,-5,1007,0.010065591,9.700141343,5.903666019,1,1006
22200,-0.194999829,-14,1008,0.063422514,9.508013531,-1.309019089,0,1010
22250,-0.15128617,-12,1010,0.206849493,9.873601334,0.056991845,0,1013
22300,0.09736684,-28,1011,0.020001817,9.249660155,0.539991081,1,1011
22350,-0.035068285,-22,1010,0.119140171,9.616900381,1.867709875,0,1008
22400,-0.199450538,-20,1009,-0.098774776,9.777757283,2.880540609,-1,1010
22450,-0.034948241,-22,1007,0.025954701,9.599310787,-7.467835426,1,1008
22500,0.059742413,-21,1005,-0.041348878,10.03307595,4.395726681,1,1005
22550,-0.318140656,-10,1003,0.165708009,9.629731511,5.363671303,-1,1006
22600,-0.295838118,-7,1001,0.228012247,9.944787676,-5.036837578,0,1001
22650,-0.10459657,-4,1001,0.045778048,9.926697561,1.667405844,0,1002
22700,-0.361265719,1,1000,0.020941428,9.931267744,2.758675098,-1,1001
22750,-0.388056725,5,1000,0.091360296,9.732772315,-5.437834263,2,999
22800,-0.124529816,6,999,0.059500965,9.818663235,-4.336662292,1,1001
22850,-0.129027396,9,1001,-0.012688145,9.921941435,-1.08705914,1,1003
22900,-0.123452045,12,1001,-6.00E-04,10.06281489,-3.119302034,1,1001
22950,-0.218765691,34,1002,0.101203307,9.973513877,-1.237426877,1,1002
23000,-0.185505018,36,1002,0.181770931,9.995840886,-8.875329971,1,1001
23050,0.333194524,-4,1003,0.125435685,9.638318732,0.869724035,1,1003
23100,-0.089585386,-1,1006,0.109859087,9.803086252,9.404928207,0,1008
23150,-0.212557435,1,1007,0.007383605,9.778356623,-4.084421158,-1,1006
23200,-0.089311719,5,1008,0.145196022,9.990398297,-0.588784575,0,1008
23250,-0.089326277,11,1009,0.039848108,9.999617018,0.653666496,1,1011
23300,-0.134034812,24,1012,0.096632082,9.800397118,-1.423676372,1,1014
23350,-0.155971169,22,1013,0.051396222,9.420435689,-1.984880209,0,1013
23400,-0.14913407,27,1015,0.061861614,9.96174811,-3.599162102,0,1018
23450,-0.063855253,32,1017,0.157859821,9.65060724,-0.626901031,1,1019
23500,-0.015125113,32,1018,0.290850301,9.836306623,-4.824966908,1,1016
23550,0.174410328,8,1020,0.092360892,9.534200286,0.194164291,0,1019
23600,0.009335593,8,1021,0.125116875,9.758555027,-0.247743726,0,1021
23650,-0.052337956,14,1023,0.152907914,9.427103854,-4.655181885,1,1023
23700,0.112592824,13,1025,-0.009634535,9.541306407,-3.495982885,1,1025
23750,0.204236686,17,1025,0.122787235,9.345654479,-3.89495945,1,1026
23800,0.431809753,17,1027,0.112859083,9.561893284,-7.516178131,1,1030
23850,0.56267041,16,1026,0.214318068,9.606388257,1.231319189,2,1025
23900,0.535436451,11,1026,0.198058497,9.634656036,2.381186962,0,1028
23950,0.478731513,10,1024,0.025996255,9.812397358,-0.991907716,1,1025
24000,0.495368093,7,1022,-0.0483948,10.0208389,0.468940377,0,1023
24050,0.400896996,16,1019,0.203313188,10.06436558,-0.819326878,0,1019
24100,0.398349196,13,1019,0.156464602,9.980881369,-4.233482838,1,1021
24150,0.447971553,13,1020,0.234176675,9.805798191,-2.575161457,1,1021
24200,0.336787105,12,1017,0.101382552,9.781621124,0.861688375,0,1013
24250,0.277451247,12,1013,0.130190376,9.695128525,0.14237085,1,1010
24300,0.391414374,2,1013,0.173840243,9.847776521,-2.833976269,0,1014
24350,0.365537494,1,1013,0.05073846,9.938460989,2.251193523,0,1016
24400,0.222763866,1,1014,0.186752759,9.808082113,1.195189953,0,1015
24450,0.224206761,6,1015,0.025328505,9.968046731,-4.848989487,2,1016
24500,0.308007985,13,1017,0.349329145,9.808136492,-1.451544166,5,1018
24550,0.214599326,14,1015,-0.061006934,9.983940632,-2.358482361,0,1011
24600,0.281556368,17,1014,0.295723864,9.402353175,-0.882578671,0,1016
24650,0.329845548,13,1014,0.119939668,9.856175462,-2.51362896,0,1015
24700,0.392388791,13,1014,0.337874559,9.627164583,2.975811481,0,1014
24750,0.178240269,11,1012,0.182191419,9.641755725,4.828934669,0,1010
24800,-0.127435133,41,1014,0.215822667,9.873537015,2.770279169,-1,1016
24850,-0.420970172,46,1012,0.309996095,10.23505516,-2.121683121,0,1010
24900,0.177701846,40,1013,0.43649823,9.618572685,-11.35957146,1,1014
24950,-0.296442866,48,1014,0.32245779,9.842705816,19.17945671,-2,1013
25000,-0.867046177,57,1015,0.223625008,9.830526066,-0.028870553,0,1015
25050,-0.072834864,30,1016,0.369672887,9.46169949,-10.32549095,1,1021
25100,-0.443495303,40,1018,0.38805339,10.23028851,22.71084976,-1,1018
25150,-0.990157187,59,1016,0.196340457,9.624472525,-16.72464371,0,1014
25200,0.12029539,70,1018,0.43845511,9.428976132,-13.86219788,3,1020
25250,0.184861228,78,1017,0.428770075,9.709986885,0.560835123,2,1016
25300,0.53700453,81,1017,0.447015361,9.765700325,-18.52614975,2,1018
25350,1.639034271,74,1018,0.387033234,10.1498355,-28.90604019,2,1019
25400,2.95614934,64,1020,0.464342744,10.07165004,-10.46811199,2,1021
25450,2.273230553,94,1022,0.657044752,9.700990359,12.01344585,1,1021
25500,2.730335474,81,1023,0.414451742,9.320343636,-30.75822449,6,1025
25550,3.813845873,59,1023,0.564131655,9.19989801,6.841353893,1,1025
25600,2.647680998,47,1022,0.518930412,9.760576994,25.60700226,-1,1025
25650,2.643390417,26,1022,0.382709364,9.254522114,-17.36127472,2,1026
25700,2.737267733,9,1019,0.36039606,9.390062327,11.66911888,0,1023
25750,1.845090151,23,1017,0.44628,9.72041247,17.83274269,-1,1021
25800,1.441556573,24,1012,0.393439919,9.814738584,-3.348335743,2,1013
25850,1.618406415,16,1007,0.411566579,10.05282083,8.527504921,1,1011
25900,1.392009854,14,1003,0.510241779,10.24435925,4.489247322,2,1006
25950,1.547571778,14,1003,0.535694818,10.57980699,-7.523744106,1,1006
26000,1.277871728,10,1004,0.603113178,10.37957494,3.999668121,-1,1006
26050,1.372545242,11,1006,0.473094052,9.610269638,3.885499477,3,1008
26100,0.129398003,36,1011,0.665416138,9.796161395,31.94176483,-2,1013
26150,-0.474166155,48,1010,0.511653845,9.692058152,-7.280351639,1,1006
26200,0.346909344,50,1011,0.606336675,9.979652284,-2.350229263,2,1011
26250,-0.300526738,73,1013,0.487906036,9.606949005,7.329481125,1,1014
26300,0.220092505,77,1013,0.68193211,9.91109485,-17.3393898,1,1013
26350,0.370026886,95,1016,0.602083118,9.89578567,1.973901153,1,1016
26400,0.831578076,102,1017,0.422062332,9.8326182,-19.81679153,1,1016
26450,1.361904263,100,1018,0.548777707,9.905828848,-6.809369087,0,1018
26500,1.562963605,109,1020,0.43519865,10.15782162,-8.708108902,1,1023
26550,2.207056522,106,1022,0.517060692,9.605752664,-6.859603405,2,1023
26600,2.584298849,102,1026,0.459225443,9.190820793,-10.25964642,5,1029
26650,3.467786551,87,1024,0.38237505,9.406260284,-18.85015106,2,1021
26700,3.633230448,72,1025,0.467910057,9.463835478,15.8775959,0,1030
26750,3.101434946,55,1026,0.410608002,9.460620679,1.913434267,1,1031
26800,3.128366232,36,1024,0.331817209,9.350204197,-0.469833255,2,1026
26850,2.822898388,39,1022,0.468766016,9.477629644,10.43917656,0,1026
26900,2.313193798,28,1019,0.430770078,9.596251523,0.457356006,1,1020
26950,2.613935232,16,1014,0.433367558,9.647570196,-12.10447788,4,1013
27000,3.110330105,3,1011,0.44763089,9.695298679,11.87464714,2,1016
27050,2.068416834,-10,1008,0.40348602,9.499033377,34.05429077,-2,1011
27100,1.021058321,-13,1004,0.428011618,9.859829972,-8.432180405,0,1006
27150,1.358044147,-14,1000,0.459408461,10.224039,6.406377792,2,1003
27200,0.715578139,-15,996,0.368672282,9.598447738,22.79746056,-1,996
27250,0.051952865,26,993,0.330052958,9.718192867,-28.65492058,1,994
27300,1.470804214,21,988,0.29728549,9.869995941,-23.08218384,2,988
27350,2.1870327,17,984,0.372325404,9.920610609,-6.714758396,1,986
27400,2.277138472,1,979,0.220858727,10.12926616,5.432484627,-1,980
27450,1.87370801,-8,975,0.17651951,10.05122805,12.08526993,-1,979
27500,1.266151309,-14,971,0.147111003,10.3596792,6.554670334,-4,973
27550,0.923156261,-21,967,0.328937565,10.12393467,4.604502678,1,966
27600,0.580455959,-22,966,0.366986494,10.32122323,1.725403786,-1,967
27650,0.526808202,-30,965,0.223771883,10.27084128,-2.382812023,-1,965
27700,0.314287066,-22,964,0.205345516,10.20502386,6.396486282,0,964
27750,-0.223278329,-15,963,0.246209239,9.991836712,8.250414848,-1,960
27800,-0.483539164,-17,964,0.255105924,9.844890336,-7.201357841,-1,965
27850,-0.25771755,-12,967,0.215824348,10.01712826,0.102965847,0,969
27900,-0.620346189,-11,969,0.391529158,9.911931002,13.42852592,-2,969
27950,-1.079604745,-11,972,0.324084449,9.974364063,-1.051563263,-1,971
28000,-0.930480123,0,975,0.299710879,9.89133477,-5.650549889,1,976
28050,-0.648204923,17,978,0.337155388,9.754796437,-7.744739532,2,977
28100,-0.338604897,10,980,0.467911592,9.677724288,16.8221283,1,979
28150,-0.995998085,19,983,0.502194292,9.794289701,-4.766834259,1,983
28200,-0.359434754,19,988,0.459393916,9.977450223,-10.11638641,1,992
28250,-0.36358133,24,992,0.480983371,9.849246511,8.53670311,-1,991
28300,-0.831953406,31,997,0.241968711,9.795148072,-3.030828238,0,995
28350,-0.360602379,29,1001,0.148563698,10.0255845,1.372659922,1,999
28400,-0.47245276,32,1005,0.386044981,9.707787747,2.006412029,-1,1002
28450,-0.418430567,31,1011,0.523966875,9.703174294,-26.12268829,0,1010
28500,0.494038701,32,1013,0.305168158,9.50174707,-3.707848549,2,1011
28550,0.188929081,41,1015,0.357954592,9.552233684,13.90472794,0,1013
28600,-0.218955413,38,1018,0.593080562,9.795822841,-4.87019062,0,1019
28650,0.791318238,-9,1021,0.542088346,9.968146133,-13.72356415,3,1021
28700,0.883738637,-16,1024,0.583639355,9.632590799,22.89860916,2,1024
28750,-0.271772534,67,1025,0.514493472,9.795352725,-18.34329605,-1,1021
28800,0.758362293,52,1029,0.373129761,9.65887111,-8.307671547,1,1029
28850,0.653724313,46,1033,0.418075115,9.568470232,5.12035656,1,1033
28900,0.77696538,27,1037,0.50153871,9.555399367,-11.84184551,0,1038
28950,1.382016778,13,1041,0.519308837,8.782763493,-7.274166107,2,1044
29000,1.079335451,8,1042,0.548143796,9.00467936,21.57200813,-1,1042
29050,0.211415306,3,1040,0.457666795,9.163601419,9.089895248,-2,1039
29100,0.307078689,-5,1039,0.431284852,9.455807251,-19.07276917,1,1041
29150,0.794238508,-5,1034,0.501657957,9.536924504,0.666088164,2,1034
29200,0.471421599,0,1029,0.488359378,10.06472927,10.18598557,0,1032
29250,0.12053325,-2,1022,0.564424528,9.971171483,3.220585108,-1,1023
29300,-0.007155218,0,1017,0.630514692,10.05957788,8.486462593,0,1021
29350,-0.078422517,-14,1015,0.571121271,9.97040082,-20.55790901,2,1020
29400,0.755155623,-11,1013,0.475622059,10.03242107,0.491063952,2,1016
29450,0.2988998,-15,1014,0.641157575,10.13162493,20.22683144,-2,1016
29500,-0.139247119,-2,1012,0.822032128,10.25377794,-8.934810638,0,1011
29550,0.916200757,-20,1012,0.653657241,9.877524816,-25.18640709,2,1013
29600,1.6857512,-23,1011,0.614376889,9.533419683,3.581367016,0,1011
29650,0.856690407,-25,1010,0.720556916,9.721129339,29.48456001,-1,1011
29700,-0.236521244,-17,1009,0.743504899,9.925762006,6.235579014,0,1010
29750,0.054095924,-18,1007,0.455776025,9.726761377,-13.83082867,1,1007
29800,0.175145179,-12,1007,0.447271652,10.08713463,16.4587822,0,1008
29850,-0.885676146,11,1005,0.45098964,10.21272113,14.69186783,-1,1001
29900,-0.613248408,13,1005,0.440566065,10.11055273,-23.81846428,2,1006
29950,0.464551508,8,1006,0.428454654,9.989717681,-9.864686966,4,1007
30000,0.518453062,16,1007,0.353420624,9.948878388,-2.294442415,1,1007
30050,1.62761426,12,1010,0.494574384,9.988693249,-32.58465576,2,1010
30100,2.692233562,3,1014,0.314240004,9.510428431,-5.931338787,1,1016
30150,2.207621813,-4,1017,0.440868037,9.746187581,21.51103973,0,1020
30200,1.844204545,-20,1018,0.3255191,9.228183916,-9.186182022,1,1016
30250,2.50686574,-36,1017,0.210691077,8.784913514,-5.114554405,1,1016
30300,1.450062156,-34,1011,0.260853408,8.767171893,43.47373199,0,1008
30350,0.034893539,-29,1006,0.325593652,9.742944131,-1.624555349,0,1011
30400,0.54187429,-34,998,0.302952283,9.77146451,-11.61971569,1,1000
30450,0.488089234,-18,995,0.450355108,10.0741199,8.640727997,-1,1003
30500,0.734757006,-22,988,0.415513889,10.16738065,-21.21777344,3,991
30550,1.525660276,-41,987,0.493587995,9.907112896,26.17925835,-1,990
30600,-0.700711906,-27,985,0.516710736,9.931778791,39.72785187,-3,985
30650,-1.320423841,-11,981,0.363589919,10.1375926,-14.68529892,3,980
30700,-0.594335616,-33,980,0.566836139,10.67484413,-5.032999039,1,984
30750,-0.866818488,-26,980,0.632544846,10.12223781,-5.149474621,-1,980
30800,-0.60330385,-14,982,0.723227851,9.87428195,6.671888828,0,984
30850,-0.894904077,-3,987,0.695882105,9.851690648,-3.185909271,0,990
30900,-0.210606143,0,989,0.498688302,9.497473925,-7.702060699,2,989
30950,-0.657053649,15,992,0.699025568,9.62095484,25.05175781,0,994
31000,-1.551812649,28,996,0.590480561,9.7758125,-3.886389494,-3,1001
31050,-0.692670286,18,1000,0.478937833,9.822110753,-17.05602646,7,1003
31100,-0.139989913,28,1003,0.512798437,9.823811123,0.199511617,0,1003
31150,-0.406094104,29,1004,0.662733435,10.06179982,5.665085793,0,1001
31200,-0.17985335,35,1005,0.767229319,9.343360616,-7.361493587,4,1003
31250,0.470875412,42,1006,0.42016385,9.445165903,-10.827034,3,1006
31300,0.701966822,45,1006,0.464109294,9.631598527,5.007350445,1,1007
31350,0.099362187,60,1008,0.674196171,9.721172023,1.871477485,2,1011
31400,0.295180589,62,1008,0.637712103,10.25662086,-8.167434692,2,1008
31450,0.508315086,66,1009,0.688874071,9.942706068,-4.80960989,1,1008
31500,0.506503761,75,1009,0.511866939,9.857786955,-2.084844112,2,1008
31550,1.04954648,70,1011,0.559460205,9.579227355,-10.39305401,2,1011
31600,1.256123304,70,1014,0.442504197,9.589916065,15.74712658,0,1016
31650,0.731065929,70,1017,0.724795782,9.583333855,-17.80873299,0,1018
31700,1.827151299,72,1018,0.517575868,9.440164195,-18.14545631,7,1016
31750,1.938379884,61,1021,0.541461379,9.515238935,0.942192912,0,1023
31800,2.204878807,47,1021,0.461255889,9.633855552,-8.66450882,1,1019
31850,2.164039373,39,1022,0.70491101,10.03194393,7.708091736,2,1025
31900,1.879979849,30,1023,0.617829012,9.60245425,4.095834732,0,1024
31950,1.198714614,27,1024,0.373178147,9.750174213,17.12733459,-2,1023
32000,0.938312888,16,1022,0.405093712,10.00698334,-4.5585742,0,1021
32050,0.949820161,17,1018,0.452680034,9.698679539,-4.107149124,1,1014
32100,1.049905896,9,1017,0.580574537,10.28572011,2.347247362,1,1019
32150,0.723937929,2,1017,0.679381409,9.674018322,8.424179077,0,1019
32200,0.624541998,-1,1015,0.612219084,9.801543757,-1.051634431,0,1013
32250,0.337740064,7,1012,0.635274399,9.760720251,3.884449959,0,1011
32300,0.126812294,19,1011,0.512703018,9.981281319,11.19230556,1,1014
32350,-0.024964061,18,1014,0.375955574,9.711049908,-17.48528671,-1,1019
32400,1.295661688,-7,1016,0.242262844,9.392619315,-13.53250408,5,1016
32450,0.255423099,-12,1015,0.428216745,9.772569049,40.48556519,-4,1015
32500,-0.805565894,-5,1012,0.4583708,9.791017014,-1.951366305,-2,1011
32550,0.374537975,-48,1012,0.364185166,9.991068388,-24.83267975,1,1015
32600,0.39284578,-48,1012,0.18065859,9.604767993,25.66089249,-1,1014
32650,-1.21290338,-43,1008,0.134372323,9.656948546,17.33355904,-2,1006
32700,-1.218925595,-35,1007,0.234825039,9.679984821,-14.02185917,1,1010
32750,-0.514587343,-23,1006,0.365418599,9.793699717,-5.7846632,1,1008
32800,-0.505770326,-19,1004,0.239960082,10.12679513,3.67372179,1,1002
32850,-0.156942233,-29,1002,0.300269087,10.27403503,-9.581912994,0,1005
32900,0.195123956,-26,1004,0.249955203,9.993856341,-13.12978172,0,1007
32950,0.672749877,-26,1005,0.159563042,9.765633082,-5.868872643,1,1006
33000,0.686210096,-32,1005,0.305183562,9.7039701,-2.217586756,0,1006
33050,1.055816293,-42,1005,0.313171425,9.271011263,-15.97799969,2,1006
33100,1.327458739,-45,1004,0.209047571,9.141384339,13.70852661,1,1006
33150,0.269391358,-48,1002,0.315536222,9.727993385,13.79310989,-1,1003
33200,0.8062976,-58,1000,0.237822615,9.861316334,-25.86561584,0,1003
33250,1.388557315,-83,996,0.430546093,9.894605702,5.886245251,0,999
33300,0.5641011,-43,996,0.418103182,9.549355685,12.09116173,0,998
33350,-0.463337272,-41,995,0.62086664,9.561969298,29.54067612,-1,999
33400,-1.537907958,-38,991,0.626447004,10.24839149,3.708963156,-2,990
33450,-1.548078895,-28,988,0.814234208,10.53038515,9.12170887,-1,989
33500,-1.517452478,-19,986,0.713339991,10.61694734,-3.954053402,-1,984
33550,-1.806950569,-6,989,0.649560828,10.0562742,14.06862068,0,990
33600,-1.333429098,-5,987,0.638484813,9.743765665,-23.93372345,1,983
33650,-1.159713507,5,988,0.694043594,10.02171715,6.495841026,0,987
33700,-1.576204062,15,990,0.48256815,10.21644581,8.051369667,0,989
33750,-1.710418224,47,992,0.663464557,9.861392348,-11.02836418,-1,992
33800,-0.903960109,13,995,0.600357458,10.20156114,-8.829018593,0,997
33850,-0.939480424,21,999,0.48417935,9.972540901,2.64425683,-1,998
33900,-0.471212953,21,1004,0.435108347,9.963572441,-16.36001396,0,1003
33950,0.377171338,11,1009,0.471881596,9.772572557,-12.37851906,-1,1008
34000,0.826793075,9,1015,0.398408444,9.534473351,8.390022278,1,1015
34050,0.36350444,16,1018,0.418243442,9.51387361,6.006887436,-1,1016
34100,0.832057059,-5,1022,0.379240284,9.273394003,-11.42661285,2,1021
34150,0.602947652,-1,1025,0.399546166,9.31948468,19.98658943,-1,1028
34200,-0.248317599,-2,1027,0.451841835,9.475211236,8.236636162,-3,1027
34250,0.015801456,-14,1026,0.362951951,9.44648562,-13.15041351,1,1025
34300,0.159258023,-11,1025,0.438868362,9.786778952,7.376046658,0,1025
34350,-0.215802744,0,1026,0.589137711,9.826844659,2.938278913,0,1027
34400,0.101847738,0,1027,0.250647532,9.655051124,-9.65954113,0,1028
34450,0.082873419,-1,1028,0.39185419,9.718970547,20.45306587,-1,1030
34500,-1.174346685,16,1027,0.384646583,9.874728677,11.3225174,-2,1026
34550,-0.637550533,22,1027,0.316919015,9.715475081,-28.76218605,2,1027
34600,0.122581758,23,1025,0.400421823,9.889533827,3.395969152,2,1027
34650,0.055525836,22,1025,0.32117725,10.00002866,-11.86296368,1,1026
34700,0.775609553,18,1026,0.407320989,9.664409008,-3.092791319,1,1028
34750,0.705848038,23,1027,0.594623752,10.0041147,-12.03505516,0,1027
34800,1.59917295,-9,1027,0.524905499,9.752578588,-10.35206318,0,1026
34850,1.458505154,0,1029,0.46418158,9.461624061,18.22595406,-1,1033
34900,0.428415626,0,1030,0.450371553,9.848549523,3.143162727,-1,1032
34950,0.45274815,-16,1028,0.360223823,9.681696886,10.61232758,-1,1028
35000,0.016361313,-18,1026,0.434289079,9.588397543,3.50077343,-2,1027
35050,-0.139080197,-26,1024,0.382801202,9.548500237,-1.81454432,-1,1027
35100,-0.054123949,-24,1019,0.338263911,9.768547919,3.779054403,0,1019
35150,-0.373001963,-21,1014,0.372145382,10.11006274,8.495303154,-2,1013
35200,-0.285073161,-29,1011,0.349404757,10.25584084,-9.371731758,2,1011
35250,0.359578311,-30,1010,0.530450085,10.42987269,-0.18149288,1,1013
35300,0.195499361,-29,1009,0.48093283,9.81138579,-2.36412859,1,1011
35350,0.493823349,-33,1005,0.355157978,10.22778473,-5.403238297,2,1003
35400,0.053340845,-33,1004,0.324117742,10.07829364,23.33420181,-2,1006
35450,-0.204689279,-29,1005,0.38569963,9.560676479,-34.4513855,3,1006
35500,1.075134754,-39,1005,0.447945178,9.566372836,-9.317707062,2,1006
35550,1.336633563,-57,1006,0.298696515,9.40488268,11.04266834,-2,1006
35600,0.885400653,-60,1004,0.218820863,9.923625433,4.408270359,0,1002
35650,0.797817945,-65,1002,0.304363234,9.715254056,7.427713394,0,1002
35700,0.541006684,-66,1001,0.17106943,9.70749714,2.703781605,-2,1002
35750,0.371768683,-71,1000,0.361206119,9.803726522,-1.587567925,-1,1003
35800,0.326573998,-65,998,0.256519945,9.867355338,4.933104992,0,996
35850,-0.16868864,-69,996,0.311125813,9.979464004,11.10150051,-3,995
35900,-0.687772572,-65,996,0.383888857,10.10922307,5.550466061,-1,998
35950,-0.771604717,-64,996,0.331132025,9.909458799,-7.310603619,0,992
36000,-0.744925022,-61,994,0.340845383,9.952677909,12.83218765,-1,996
36050,-1.739557147,-53,992,0.323662755,10.22856124,35.27265549,-2,991
36100,-2.653501034,-43,993,0.34048461,9.756872199,-13.00201607,-2,997
36150,-1.983490705,-20,994,0.327247391,9.710014367,-1.053667545,2,996
36200,-2.217625618,-7,994,0.217721678,10.03595162,0.424550623,0,993
36250,-1.780903816,5,995,0.33527686,9.725013059,-21.08940887,2,995
36300,-0.715961814,0,998,0.428815939,10.05472819,-19.07540321,2,1000
36350,-0.018396724,13,1000,0.358400881,9.96386948,11.16801739,4,1000
36400,-0.976340473,21,1003,0.480817859,10.18136836,22.25992012,-1,1006
36450,-1.654602528,27,1005,0.365291605,9.676230909,-13.08789158,-1,1008
36500,-0.743748248,38,1009,0.486080097,9.823045138,-14.26748085,2,1011
36550,-0.403940052,43,1011,0.428180675,9.71881735,-2.126583099,0,1011
36600,0.024664385,43,1011,0.513223091,9.777307048,-9.567579269,2,1008
36650,0.818757653,37,1011,0.456477983,9.359567928,-16.19477081,1,1010
36700,1.120134473,36,1013,0.523220624,9.797900941,11.38716698,0,1015
36750,0.815280259,30,1014,0.504543484,9.59924179,-15.23251915,0,1016
36800,1.784565926,-25,1013,0.44288518,8.95125569,-12.17676258,2,1015
36850,1.873815298,-32,1009,0.43591106,9.530571504,17.47040558,0,1008
36900,0.47123611,-35,1004,0.516234005,9.758298334,25.70016479,-2,1003
36950,-0.482359618,-33,1001,0.432106715,9.980304834,8.695854187,-1,1003
37000,-0.661207616,-24,997,0.581791672,10.28247374,-0.527112007,0,999
37050,-0.762840748,-18,996,0.539841517,10.39668155,1.1422925,1,999
37100,-0.699666202,-1,995,0.561341547,10.21471737,-10.14290428,1,997
37150,-0.032047488,7,997,0.400004807,9.8620601,-9.550538063,1,999
37200,0.039150249,13,998,0.495419124,9.7828467,-7.045508385,1,998
37250,0.620211482,18,1000,0.506434949,9.696779194,-18.25235939,3,1002
37300,0.953555167,19,998,0.568546997,9.632993088,5.866788864,1,996
37350,0.639326692,13,997,0.351740025,9.985032892,-5.97913599,1,995
37400,1.265853524,4,995,0.423506009,9.849368134,-14.85744476,2,996
37450,1.626248121,-3,995,0.330951127,10.25579172,10.96061516,2,998
37500,1.050264835,5,995,0.448095122,9.948672566,4.319077492,0,996
37550,0.846675456,-2,994,0.352037904,9.802614967,-5.728177547,0,993
37600,1.203884363,-25,994,0.319985661,9.691113242,1.645625114,1,995
37650,0.678777516,-8,993,0.382220025,10.11569945,11.78789997,0,994
37700,0.352564752,-13,992,0.428751948,9.681033812,-2.109572411,0,990
37750,0.454896271,-14,991,0.561915707,9.885624379,9.861341476,0,994
37800,-0.005702071,-6,994,0.501898679,10.25503509,12.05234432,-1,997
37850,-0.015082681,-5,995,0.421697429,9.944260257,-16.31432533,0,995
37900,0.536360204,-5,997,0.434548878,9.805932092,-0.539705038,0,997
37950,0.367612273,0,1000,0.415942526,9.728775743,10.82855797,0,1001
38000,-0.173112854,9,1002,0.225812781,9.853802662,9.640836716,0,1002
38050,-0.273396403,7,1003,0.411185706,9.719918965,-2.979181051,-1,1001
38100,-0.228163868,13,1003,0.485367431,9.729475654,-7.428170681,2,1002
38150,0.107265353,11,1003,0.379138835,9.680194151,-9.657506943,2,1003
38200,0.250223845,14,1003,0.352411907,9.670146881,-6.113562584,0,1002
38250,0.490725279,12,1003,0.249427145,9.575088111,-8.32422924,1,1001
38300,0.91908139,8,1003,0.144003838,9.812680364,-2.609223843,2,1006
38350,0.94426626,-1,1002,0.185138909,9.626188683,3.132706165,0,1002
38400,1.013044357,-10,1002,0.28113263,9.795550361,-7.611479759,0,1003
38450,1.234412551,-17,1002,0.188881621,9.700688642,3.825773239,1,1006
38500,1.036485195,-25,1001,0.318660426,9.581805393,2.362794876,-1,1002
38550,0.730342984,-35,999,0.169577513,9.63091031,9.085876465,-1,1001
38600,0.462886542,-38,996,0.235921557,9.973490489,-5.267916203,-1,997
38650,0.667359352,-44,993,0.175693025,10.01909877,-6.062016964,0,994
38700,0.919597089,-53,993,0.112413443,9.933537633,6.596220493,-1,994
38750,0.478365928,-52,990,0.138000265,9.736323913,9.511986732,0,989
38800,-0.016869703,-60,988,0.307465274,9.968139117,4.686293602,-5,991
38850,-0.213850677,-59,987,0.183237851,9.720456324,0.232255891,0,988
38900,-0.120095901,-64,984,0.198890464,10.06273888,1.799855709,-1,984
38950,-0.376469016,-61,981,0.332652045,9.846193095,3.510802746,0,981
39000,-0.529533505,-45,979,0.061707951,9.775616033,0.149846733,-1,982
39050,-0.451418817,-60,980,0.271841788,9.725913531,10.29123497,-1,983
39100,-1.026097894,-53,980,0.194881503,9.604527673,8.245536804,-1,983
39150,-1.144181252,-49,981,0.195706491,10.04610706,-0.906134963,-1,984
39200,-1.136068702,-46,983,0.232604066,10.14703117,3.507637024,-2,985
39250,-1.243013501,-40,983,0.329415392,9.73991118,4.879323483,0,982
39300,-1.394522071,-31,984,0.242686694,9.98930019,14.10265923,0,984
39350,-2.219815016,-25,985,0.452197529,9.933427706,11.47709084,0,985
39400,-2.62493825,-5,987,0.387834887,10.17501244,-3.41275835,0,989
39450,-2.300207853,4,989,0.449162532,9.997004482,-8.449970245,-2,988
39500,-1.934720397,-9,992,0.309975995,9.951454672,-5.306977749,1,991
39550,-1.659639359,6,997,0.205451442,9.871140826,-5.1963377,1,999
39600,-1.418094873,14,1000,0.305599902,9.990353858,-5.378866196,-1,999
39650,-1.130566359,23,1004,0.125360284,9.652452621,-2.610889673,1,1003
39700,-0.921333134,25,1008,0.183098103,9.585983813,-11.47107697,1,1011
39750,-0.405920535,30,1012,0.263978124,9.733333063,-9.275728226,1,1013
39800,-0.27023533,32,1017,0.314536348,9.45562014,3.486727953,0,1019
39850,-0.316297919,32,1018,0.422588362,9.281228102,-6.891867638,2,1014
39900,-0.004621699,30,1020,0.225624117,9.700543047,-1.840913057,1,1021
39950,0.011656827,25,1024,0.307742139,9.651573785,2.940934181,-1,1026
40000,0.196833283,18,1024,0.483166503,9.489421724,-7.869157791,1,1023
40050,0.580768228,16,1024,0.450129259,9.832163286,-10.21026802,2,1025
40100,0.910595119,12,1024,0.249835335,9.666183053,5.372452736,1,1025
40150,0.523000002,34,1025,0.263536312,9.877985576,5.938299179,0,1027
40200,0.361187667,27,1025,0.35642116,9.763653215,-0.470855445,1,1023
40250,0.413713843,23,1026,0.234413761,9.600910585,5.674329758,1,1027
40300,0.078534603,47,1025,0.194093226,10.02349354,-0.747807384,-1,1025
40350,0.635739803,-6,1026,0.219530094,9.730985405,-6.211444855,0,1027
40400,0.121493421,19,1024,0.235683137,9.807814311,21.85885239,0,1023
40450,-0.545988679,28,1023,0.262774675,10.04394008,-3.706544638,-1,1023
40500,0.068112239,15,1021,0.27468094,9.842253242,-12.98576164,1,1021
40550,0.185209006,14,1023,0.397502272,9.683027127,7.56598711,0,1026
40600,-0.177479148,19,1023,0.272719072,9.805748489,0.221426889,0,1025
40650,0.182154179,11,1024,0.306415552,9.777709336,-13.14533234,1,1026
40700,0.6469872,10,1025,0.192905218,9.588519166,-5.147074699,3,1026
40750,0.645680666,9,1027,0.363895034,9.600222368,1.682180047,1,1028
40800,0.733435273,2,1025,0.367254333,9.738471596,-4.064636707,0,1024
40850,1.20611763,-10,1025,0.288386613,9.628048682,-8.932757378,0,1028
40900,1.356807113,-17,1024,0.290527534,9.368149302,0.314111382,0,1026
40950,1.293408751,-31,1022,0.327897674,9.557404377,-1.394936323,-1,1024
41000,1.433391333,-41,1020,0.14775384,9.799291409,3.062961578,0,1021
41050,1.069077849,-50,1017,0.366974361,9.548886153,11.21652889,-2,1019
41100,0.329427063,-44,1014,0.147995669,9.64544064,15.04917145,0,1016
41150,-0.003840089,-55,1012,0.298834527,9.971262699,3.371144533,-1,1014
41200,-0.19096297,-48,1007,0.166645829,9.922689879,3.173395872,0,1008
41250,-0.482452571,-46,1004,0.236959565,10.04753963,3.23502183,0,1006
41300,-0.454054952,-49,1002,0.133098653,9.911805872,-1.577603936,1,1006
41350,-0.610626161,-43,1000,0.061257871,9.782927392,0.710148752,-2,1001
41400,-0.815656066,-22,998,0.113431452,9.93171681,0.188140929,0,999
41450,-0.720469713,-23,998,0.060425917,10.07300542,-3.849095821,-3,999
41500,-0.740955472,-7,997,0.04506053,10.08905486,0.984645367,-1,998
41550,-0.920556426,1,998,0.004980468,10.00097591,5.472849369,0,998
41600,-1.132398725,11,999,0.207576265,10.08315151,1.298740625,-2,1001
41650,-1.063451052,14,1002,0.20267047,9.926885841,1.758453846,0,1003
41700,-1.040681839,19,1004,0.365778897,10.21956939,-0.56733954,0,1003
41750,-0.93307817,28,1007,0.297769475,10.01463851,4.081990719,0,1006
41800,-0.83056283,12,1012,0.212860814,9.867901468,-0.208618835,-1,1013
41850,-0.603498042,15,1016,0.137195158,9.63790241,-5.170898438,0,1018
41900,-0.674503684,20,1019,0.184311437,9.428903042,5.610898972,0,1016
41950,-0.734332681,20,1022,0.183013099,9.338644252,-5.870491028,-1,1023
42000,-0.325417876,23,1023,0.135228812,9.661754372,-4.624992847,3,1021
42050,-0.051074758,17,1026,0.157743041,9.664931749,-6.965337753,-5,1027
42100,0.134036928,21,1028,0.268890388,9.538395079,-5.948644638,2,1029
42150,0.297100306,2,1029,0.180594124,9.841254537,3.769695282,0,1029
42200,-0.125549167,6,1028,0.132970426,9.651102499,5.448335648,-1,1028
42250,-0.042294759,-2,1028,0.225883806,9.902157966,-8.547738075,0,1029
42300,0.127775997,-1,1027,0.031354904,9.709638391,1.453470469,0,1027
42350,0.01112507,-2,1027,0.091709877,9.72674442,2.137123108,-1,1028
42400,-0.003802221,-4,1028,0.138291319,9.757601931,-2.725310326,-1,1033
42450,0.103828385,-11,1028,0.101775393,9.717446762,-0.245336443,0,1030
42500,0.03062178,-12,1028,0.176998726,9.534326001,5.766750336,0,1030
42550,-0.016998278,-13,1025,0.146255839,9.779112668,-4.518402576,-1,1025
42600,0.109082848,-16,1024,0.121335179,9.628794202,-1.957729578,0,1025
42650,0.031190326,-21,1023,0.116426707,9.948635144,4.504746437,-2,1024
42700,-0.075182155,-23,1021,0.165741703,10.04125738,3.809188843,0,1021
42750,-0.322970897,-21,1020,0.083885188,9.813652171,4.50895071,0,1021
42800,-0.299662322,-21,1019,0.140322724,9.688677292,-1.220228672,-1,1019
42850,-0.288068384,-23,1017,0.075816944,9.941830155,4.29617548,-1,1016
42900,-0.348622888,-23,1014,0.070253666,9.978046639,0.517399073,1,1013
42950,-0.246485293,-26,1015,0.154121458,9.594470462,-1.425499201,0,1019
43000,-0.185206309,-26,1016,0.094565858,9.937840015,1.540156126,-1,1018
43050,-0.407581091,-22,1018,0.089288436,9.585045919,1.990990877,0,1019
43100,-0.461114794,-18,1021,0.058750036,9.760661779,-2.496400356,1,1021
43150,-0.423059881,-20,1021,0.147745919,9.698426355,0.912076473,-1,1018
43200,-0.572320044,-13,1019,0.00800011,9.728283407,3.579067945,-1,1018
43250,-0.582859814,-10,1016,0.150365362,9.75889475,-2.83317399,-1,1015
43300,-0.46491468,-6,1016,0.034188323,9.96449981,-0.379194081,0,1020
43350,-0.519797087,-13,1015,0.098188455,9.783789271,0.470724642,-5,1015
43400,-0.373772442,-11,1016,0.116598231,9.772590684,-4.038234711,-1,1018
43450,-0.144428566,-13,1014,-0.049363181,9.908200479,-6.683418751,0,1011
43500,0.174635947,-12,1012,0.071638131,9.657364283,-1.934802175,0,1011
43550,0.289275318,-15,1012,-0.088053257,9.825013311,-3.073083162,0,1014
43600,0.510313272,-22,1010,-0.134071913,9.84061836,-1.890412927,0,1010
43650,0.506047904,-30,1009,-0.022814065,9.416793458,3.589722633,-1,1008
43700,0.265291959,-27,1007,0.094745158,9.37468532,2.7553792,0,1008
43750,0.211425588,-33,1006,-0.027023231,9.46834602,1.573117733,-3,1008
43800,-0.026793122,-11,1003,0.104355514,9.381014346,-1.383466363,-1,1006
43850,0.079000108,-20,1001,-0.012223821,9.406453242,1.273632526,0,1003
43900,0.04903369,-27,997,0.054133267,9.381576263,3.65687418,1,1000
43950,-0.080329187,-37,993,0.034426199,9.572669118,3.456827641,0,999
44000,-0.257363617,-43,987,0.2533452,9.605892413,3.345651388,-3,992
44050,-0.474441499,-35,979,0.138683831,9.367782682,7.436725616,1,984
44100,-0.474244237,-40,970,-0.034146179,9.27576271,-2.22986722,0,972
44150,-0.58315289,-35,962,0.082520485,9.605612916,2.14670229,-1,966
44200,-0.713784158,-33,950,0.100022827,9.937916028,1.868980169,-1,952
44250,-0.658262849,-32,941,0.015778204,9.649088134,-6.321125507,-2,947
44300,-0.516178846,-32,930,0.193408937,9.349092641,-0.783841968,-1,936
44350,-0.303463012,-33,919,0.176984601,9.815477672,-2.709929705,0,927
44400,-0.214588538,-32,907,0.144599724,9.65346419,0.818813205,0,913
44450,-0.119549692,-23,897,0.069341463,10.15894546,-3.547480583,1,909
44500,-0.107435957,-21,886,0.204903192,9.841744534,4.62532711,0,895
44550,-0.147470593,-21,874,0.229196491,9.5293202,5.836036682,-1,878
44600,-0.132488579,-15,864,0.123780622,9.840721271,-1.628730536,0,868
44650,-0.035281215,-16,853,0.262166017,9.496597427,-0.933615208,-1,857
44700,-0.108784705,-16,843,0.186769113,9.604282674,-0.891632855,0,849
44750,0.051826991,-15,831,0.157203672,9.592454342,0.47923851,-1,835
44800,0.298385561,-21,818,0.247125553,9.762786072,-6.190165997,0,824
44850,0.439687282,-21,806,0.119468245,10.1775513,-0.057017863,1,814
44900,0.42714414,-12,795,0.087637356,9.602393439,6.332611561,4,806
44950,0.552413702,-18,783,0.153821935,9.511749317,-6.707034111,1,781
45000,1.028420806,-33,768,0.255315967,9.817587347,-6.309326649,1,771
45050,1.207205176,-47,757,0.283806379,9.496345997,1.021399617,0,761
45100,0.750267982,-58,742,0.167252843,9.864395478,15.9389267,-1,744
45150,-0.286118388,-50,728,0.166049632,10.12591805,21.92186356,-4,733
45200,-1.026916623,-42,715,0.361746219,10.09149315,3.952683449,-1,722
45250,-1.208710194,-32,703,0.25718894,10.0255845,-1.527544022,1,711
45300,-1.329396844,-21,691,0.183506184,9.969006844,4.86355257,-2,700
45350,-1.687701583,-9,680,0.170787558,10.0010718,5.444446087,-1,689
45400,-1.461239219,-19,671,0.169911499,9.909934763,-2.427953243,0,681
45450,-1.147685647,-7,660,0.283018723,9.836934614,-9.248410225,0,662
45500,-0.904224873,5,651,0.203034495,10.19638752,-8.392109871,1,654
45550,-0.568095326,11,642,0.18775837,10.03033244,-7.176943302,1,644
45600,-0.324457318,16,631,0.259215347,9.766794339,-1.844723344,1,632
45650,-0.21370703,10,621,0.058847941,9.942780912,6.171569347,0,626
45700,-0.18604064,8,611,0.140436872,9.683840475,0.23879154,1,616
45750,-0.089895554,7,602,0.111014003,9.960583345,-0.116654217,0,609
45800,-0.009280416,7,589,0.079338211,10.00398723,1.639838219,0,594
45850,-0.104745798,11,578,0.082721857,10.14426427,1.72719574,1,586
45900,0.009104158,9,569,0.07687265,10.26736453,-6.182756901,0,571
45950,0.389832526,4,560,0.087304055,9.776408916,-6.311833858,1,563
46000,0.482354343,1,550,0.30733795,10.28079442,3.174372911,1,552
46050,0.262649149,2,541,-0.054948656,9.924060466,7.399848461,0,544
46100,0.080747329,3,533,0.055464358,9.926747847,7.042886734,-1,540
46150,-0.100103237,5,523,0.175237399,9.792403974,4.088608265,1,529
46200,-0.295939177,7,514,0.004197656,9.807514349,6.10736084,0,521
46250,-0.535334408,18,505,0.234923528,9.86596604,-1.28856647,-1,514
46300,-0.505748868,7,496,0.222060111,9.970276859,2.016437531,0,503
46350,-0.621425331,22,485,0.239972051,9.746130279,-4.877295494,0,484
46400,-0.515255272,20,475,0.231171005,9.94370828,-0.840526283,1,477
46450,-0.277016938,20,466,0.161589997,10.00636938,-2.922613144,0,466
46500,-0.144625396,13,457,0.09515069,9.832663808,-2.98489809,0,461
46550,0.000883608,13,448,0.195972502,9.538348886,-6.42855072,0,451
46600,0.051506005,-2,438,-0.054375908,9.886533036,3.46447444,0,443
46650,0.021012653,8,429,0.172087083,9.671972966,-1.66083765,1,434
46700,-0.030044956,17,420,0.110200628,9.792975247,-4.127840996,1,427
46750,-0.097421445,29,410,0.062195293,9.545284268,-10.25273323,-1,417
46800,0.246096984,42,399,0.032234999,9.796584148,-13.39632893,2,397
46850,0.788099289,46,388,0.085561046,9.407319215,-10.18658829,1,390
46900,1.011007667,42,378,0.085328984,9.635126152,-2.060551167,0,381
46950,1.130696893,45,368,0.070266977,9.753506541,-4.885457993,0,373
47000,1.330522299,38,357,0.106565158,9.762242866,0.030990422,1,359
47050,1.337735176,27,345,0.172469747,10.11934811,3.06491518,1,349
47100,1.14441216,18,332,0.197303109,10.1497548,3.531495333,-1,336
47150,0.93700242,2,320,0.243959541,9.661404709,2.397086859,-1,327
47200,0.761050165,1,307,0.240442825,9.675426332,-1.051774979,0,315
47250,0.658620536,-1,296,0.109088944,10.39059109,0.787731588,0,296
47300,0.677788794,-8,285,0.252547786,9.919477419,2.244416714,0,285
47350,0.221405193,13,273,0.11978934,10.01638566,0.435334921,-1,274
47400,0.204191342,21,261,0.101540627,9.819566045,0.435329467,8,262
47450,0.32820347,15,249,0.181503385,10.01502092,0.636660814,0,250
47500,0.37048462,4,239,0.20654975,9.770238934,5.223443031,-1,245
47550,0.149265662,5,229,0.186621544,9.839246603,10.85427094,0,236
47600,-0.115186676,2,220,0.125444337,10.26995719,8.047103882,-1,227
47650,-0.433488309,1,211,0.165627609,10.15515412,4.706039429,0,220
47700,-0.383621931,0,202,0.238318897,9.991422729,2.34345293,0,203
47750,-0.405371428,0,194,0.160405954,9.47127489,3.315282583,-1,194
47800,-0.588323653,3,183,0.252703139,9.449722638,-1.274360538,1,183
47850,-0.577415466,18,178,0.081434967,9.874552091,0.854428887,2,186
47900,-0.396472782,23,170,0.314093202,9.713365991,-5.770495415,0,175
47950,-0.178004056,19,163,0.097499087,9.519141367,-2.729913235,2,170
48000,-0.109440945,19,155,0.157156748,9.399513767,6.436355591,0,162
48050,0.005172368,-5,144,0.219472736,9.580248864,-1.350112796,-30,149
48100,-0.047954954,-3,132,0.162825386,9.39662992,3.53410244,0,140
48150,-0.0645198,-26,121,0.176289989,9.383012339,-2.972972393,-5,121
48200,-0.221884012,-14,110,0.209015868,10.21591371,7.168330193,0,112
48250,-0.336031795,-4,98,0.155046451,10.0970597,0.878345609,0,101
48300,-0.38405779,7,86,0.117947595,9.858344779,2.89370656,2,65535
48350,-0.2621786,12,78,0.113813166,10.10623398,-0.490911603,1,84
48400,-0.277185142,20,68,0.049218568,9.623724082,-3.444395065,1,75
